Hierarchy1,Hierarchy2,Hierarchy3,Hierarchy4
CCC,CUST_A,CSA_1,Trade_9765
CCC,CUST_A,CSA_1,Trade_7634
CCC,CUST_A,CSA_1,Trade_1112
CCC,CUST_A,CSA_1,Trade_1935
CCC,CUST_A,CSA_1,Trade_3609
CCC,CUST_A,CSA_2,Trade_6044
CCC,CUST_A,CSA_2,Trade_5234
CCC,CUST_A,CSA_2,Trade_5627
CCC,CUST_A,CSA_2,Trade_7726
CCC,CUST_A,CSA_2,Trade_8055
CCC,CUST_A,CSA_3,Trade_1439
CCC,CUST_A,CSA_3,Trade_8557
CCC,CUST_A,CSA_3,Trade_7877
CCC,CUST_A,CSA_3,Trade_2251
CCC,CUST_A,CSA_3,Trade_8770
CCC,CUST_A,CSA_4,Trade_9164
CCC,CUST_A,CSA_4,Trade_6739
CCC,CUST_A,CSA_4,Trade_9479
CCC,CUST_A,CSA_4,Trade_5653
CCC,CUST_A,CSA_4,Trade_5418
CCC,CUST_A,CSA_5,Trade_9846
CCC,CUST_A,CSA_5,Trade_6981
CCC,CUST_A,CSA_5,Trade_4976
CCC,CUST_A,CSA_5,Trade_2386
CCC,CUST_A,CSA_5,Trade_6469
NR,CUST_B,CSA_6,Trade_5795
NR,CUST_B,CSA_6,Trade_8082
NR,CUST_B,CSA_6,Trade_4865
NR,CUST_B,CSA_6,Trade_4199
NR,CUST_B,CSA_6,Trade_2557
NR,CUST_B,CSA_7,Trade_5420
NR,CUST_B,CSA_7,Trade_1613
NR,CUST_B,CSA_7,Trade_2697
NR,CUST_B,CSA_7,Trade_7746
NR,CUST_B,CSA_7,Trade_7209
NR,CUST_B,CSA_8,Trade_5961
NR,CUST_B,CSA_8,Trade_7178
NR,CUST_B,CSA_8,Trade_9933
NR,CUST_B,CSA_8,Trade_8446
NR,CUST_B,CSA_8,Trade_4368
NR,CUST_B,CSA_9,Trade_3305
NR,CUST_B,CSA_9,Trade_7259
NR,CUST_B,CSA_9,Trade_4919
NR,CUST_B,CSA_9,Trade_5160
NR,CUST_B,CSA_9,Trade_1216
NR,CUST_B,CSA_10,Trade_5367
NR,CUST_B,CSA_10,Trade_8951
NR,CUST_B,CSA_10,Trade_8675
NR,CUST_B,CSA_10,Trade_1104
NR,CUST_B,CSA_10,Trade_5410
BB,CUST_C,CSA_11,Trade_2607
BB,CUST_C,CSA_11,Trade_5345
BB,CUST_C,CSA_11,Trade_7917
BB,CUST_C,CSA_11,Trade_4968
BB,CUST_C,CSA_11,Trade_1416
BB,CUST_C,CSA_12,Trade_7317
BB,CUST_C,CSA_12,Trade_5859
BB,CUST_C,CSA_12,Trade_7138
BB,CUST_C,CSA_12,Trade_5621
BB,CUST_C,CSA_12,Trade_1515
BB,CUST_C,CSA_13,Trade_9298
BB,CUST_C,CSA_13,Trade_6088
BB,CUST_C,CSA_13,Trade_7173
BB,CUST_C,CSA_13,Trade_2022
BB,CUST_C,CSA_13,Trade_5674
BB,CUST_C,CSA_14,Trade_6205
BB,CUST_C,CSA_14,Trade_7283
BB,CUST_C,CSA_14,Trade_3378
BB,CUST_C,CSA_14,Trade_6183
BB,CUST_C,CSA_14,Trade_1391
BB,CUST_C,CSA_15,Trade_3482
BB,CUST_C,CSA_15,Trade_8280
BB,CUST_C,CSA_15,Trade_1723
BB,CUST_C,CSA_15,Trade_9193
BB,CUST_C,CSA_15,Trade_1920
AA,CUST_D,CSA_16,Trade_6531
AA,CUST_D,CSA_16,Trade_1418
AA,CUST_D,CSA_16,Trade_4055
AA,CUST_D,CSA_16,Trade_6405
AA,CUST_D,CSA_16,Trade_1589
AA,CUST_D,CSA_17,Trade_7633
AA,CUST_D,CSA_17,Trade_4320
AA,CUST_D,CSA_17,Trade_6494
AA,CUST_D,CSA_17,Trade_8826
AA,CUST_D,CSA_17,Trade_1681
AA,CUST_D,CSA_18,Trade_5828
AA,CUST_D,CSA_18,Trade_6164
AA,CUST_D,CSA_18,Trade_5341
AA,CUST_D,CSA_18,Trade_9730
AA,CUST_D,CSA_18,Trade_9500
AA,CUST_D,CSA_19,Trade_9435
AA,CUST_D,CSA_19,Trade_3147
AA,CUST_D,CSA_19,Trade_7753
AA,CUST_D,CSA_19,Trade_5617
AA,CUST_D,CSA_19,Trade_7936
AA,CUST_D,CSA_20,Trade_7577
AA,CUST_D,CSA_20,Trade_9119
AA,CUST_D,CSA_20,Trade_3312
AA,CUST_D,CSA_20,Trade_1221
AA,CUST_D,CSA_20,Trade_7292
BBB,CUST_E,CSA_21,Trade_1024
BBB,CUST_E,CSA_21,Trade_6422
BBB,CUST_E,CSA_21,Trade_5538
BBB,CUST_E,CSA_21,Trade_8129
BBB,CUST_E,CSA_21,Trade_5288
BBB,CUST_E,CSA_22,Trade_9158
BBB,CUST_E,CSA_22,Trade_7468
BBB,CUST_E,CSA_22,Trade_3127
BBB,CUST_E,CSA_22,Trade_8703
BBB,CUST_E,CSA_22,Trade_8590
BBB,CUST_E,CSA_23,Trade_4614
BBB,CUST_E,CSA_23,Trade_7058
BBB,CUST_E,CSA_23,Trade_6056
BBB,CUST_E,CSA_23,Trade_5721
BBB,CUST_E,CSA_23,Trade_5448
BBB,CUST_E,CSA_24,Trade_4528
BBB,CUST_E,CSA_24,Trade_5760
BBB,CUST_E,CSA_24,Trade_7186
BBB,CUST_E,CSA_24,Trade_5599
BBB,CUST_E,CSA_24,Trade_3246
BBB,CUST_E,CSA_25,Trade_7104
BBB,CUST_E,CSA_25,Trade_6963
BBB,CUST_E,CSA_25,Trade_7354
BBB,CUST_E,CSA_25,Trade_5324
BBB,CUST_E,CSA_25,Trade_1465
B,CUST_F,CSA_26,Trade_2066
B,CUST_F,CSA_26,Trade_6429
B,CUST_F,CSA_26,Trade_9027
B,CUST_F,CSA_26,Trade_2598
B,CUST_F,CSA_26,Trade_7817
B,CUST_F,CSA_27,Trade_9826
B,CUST_F,CSA_27,Trade_3801
B,CUST_F,CSA_27,Trade_8757
B,CUST_F,CSA_27,Trade_1627
B,CUST_F,CSA_27,Trade_1376
B,CUST_F,CSA_28,Trade_4477
B,CUST_F,CSA_28,Trade_4123
B,CUST_F,CSA_28,Trade_6104
B,CUST_F,CSA_28,Trade_1691
B,CUST_F,CSA_28,Trade_6979
B,CUST_F,CSA_29,Trade_7529
B,CUST_F,CSA_29,Trade_8263
B,CUST_F,CSA_29,Trade_1000
B,CUST_F,CSA_29,Trade_9407
B,CUST_F,CSA_29,Trade_2293
B,CUST_F,CSA_30,Trade_1230
B,CUST_F,CSA_30,Trade_1699
B,CUST_F,CSA_30,Trade_9091
B,CUST_F,CSA_30,Trade_9063
B,CUST_F,CSA_30,Trade_6415
AAA,CUST_G,CSA_31,Trade_4367
AAA,CUST_G,CSA_31,Trade_9229
AAA,CUST_G,CSA_31,Trade_7747
AAA,CUST_G,CSA_31,Trade_9862
AAA,CUST_G,CSA_31,Trade_2525
AAA,CUST_G,CSA_32,Trade_8531
AAA,CUST_G,CSA_32,Trade_2481
AAA,CUST_G,CSA_32,Trade_4569
AAA,CUST_G,CSA_32,Trade_4673
AAA,CUST_G,CSA_32,Trade_7036
AAA,CUST_G,CSA_33,Trade_6487
AAA,CUST_G,CSA_33,Trade_5412
AAA,CUST_G,CSA_33,Trade_8728
AAA,CUST_G,CSA_33,Trade_2499
AAA,CUST_G,CSA_33,Trade_5487
AAA,CUST_G,CSA_34,Trade_1700
AAA,CUST_G,CSA_34,Trade_4782
AAA,CUST_G,CSA_34,Trade_3640
AAA,CUST_G,CSA_34,Trade_8528
AAA,CUST_G,CSA_34,Trade_9802
AAA,CUST_G,CSA_35,Trade_7899
AAA,CUST_G,CSA_35,Trade_8884
AAA,CUST_G,CSA_35,Trade_8519
AAA,CUST_G,CSA_35,Trade_3939
AAA,CUST_G,CSA_35,Trade_1053
CC,CUST_H,CSA_36,Trade_5774
CC,CUST_H,CSA_36,Trade_7788
CC,CUST_H,CSA_36,Trade_5690
CC,CUST_H,CSA_36,Trade_2085
CC,CUST_H,CSA_36,Trade_7865
CC,CUST_H,CSA_37,Trade_1207
CC,CUST_H,CSA_37,Trade_7281
CC,CUST_H,CSA_37,Trade_6743
CC,CUST_H,CSA_37,Trade_2854
CC,CUST_H,CSA_37,Trade_8975
CC,CUST_H,CSA_38,Trade_9898
CC,CUST_H,CSA_38,Trade_2571
CC,CUST_H,CSA_38,Trade_4065
CC,CUST_H,CSA_38,Trade_8972
CC,CUST_H,CSA_38,Trade_4152
CC,CUST_H,CSA_39,Trade_2155
CC,CUST_H,CSA_39,Trade_5683
CC,CUST_H,CSA_39,Trade_2502
CC,CUST_H,CSA_39,Trade_9577
CC,CUST_H,CSA_39,Trade_3931
CC,CUST_H,CSA_40,Trade_3170
CC,CUST_H,CSA_40,Trade_5103
CC,CUST_H,CSA_40,Trade_2426
CC,CUST_H,CSA_40,Trade_3916
CC,CUST_H,CSA_40,Trade_3107
C,CUST_I,CSA_41,Trade_5509
C,CUST_I,CSA_41,Trade_4362
C,CUST_I,CSA_41,Trade_1454
C,CUST_I,CSA_41,Trade_2719
C,CUST_I,CSA_41,Trade_1369
C,CUST_I,CSA_42,Trade_4550
C,CUST_I,CSA_42,Trade_7424
C,CUST_I,CSA_42,Trade_8746
C,CUST_I,CSA_42,Trade_4208
C,CUST_I,CSA_42,Trade_8320
C,CUST_I,CSA_43,Trade_4724
C,CUST_I,CSA_43,Trade_4734
C,CUST_I,CSA_43,Trade_3661
C,CUST_I,CSA_43,Trade_3673
C,CUST_I,CSA_43,Trade_9895
C,CUST_I,CSA_44,Trade_2377
C,CUST_I,CSA_44,Trade_5734
C,CUST_I,CSA_44,Trade_3217
C,CUST_I,CSA_44,Trade_1718
C,CUST_I,CSA_44,Trade_5291
C,CUST_I,CSA_45,Trade_1706
C,CUST_I,CSA_45,Trade_4312
C,CUST_I,CSA_45,Trade_9302
C,CUST_I,CSA_45,Trade_4426
C,CUST_I,CSA_45,Trade_3818
A,CUST_J,CSA_46,Trade_5450
A,CUST_J,CSA_46,Trade_7805
A,CUST_J,CSA_46,Trade_8268
A,CUST_J,CSA_46,Trade_3409
A,CUST_J,CSA_46,Trade_3336
A,CUST_J,CSA_47,Trade_8640
A,CUST_J,CSA_47,Trade_9847
A,CUST_J,CSA_47,Trade_3614
A,CUST_J,CSA_47,Trade_3934
A,CUST_J,CSA_47,Trade_8170
A,CUST_J,CSA_48,Trade_5664
A,CUST_J,CSA_48,Trade_9532
A,CUST_J,CSA_48,Trade_9956
A,CUST_J,CSA_48,Trade_8036
A,CUST_J,CSA_48,Trade_5759
A,CUST_J,CSA_49,Trade_5033
A,CUST_J,CSA_49,Trade_4925
A,CUST_J,CSA_49,Trade_7426
A,CUST_J,CSA_49,Trade_5350
A,CUST_J,CSA_49,Trade_1773
A,CUST_J,CSA_50,Trade_5598
A,CUST_J,CSA_50,Trade_4177
A,CUST_J,CSA_50,Trade_8809
A,CUST_J,CSA_50,Trade_3654
A,CUST_J,CSA_50,Trade_4651
BBB,CUST_K,CSA_51,Trade_2254
BBB,CUST_K,CSA_51,Trade_2516
BBB,CUST_K,CSA_51,Trade_5925
BBB,CUST_K,CSA_51,Trade_3525
BBB,CUST_K,CSA_51,Trade_2879
BBB,CUST_K,CSA_52,Trade_2871
BBB,CUST_K,CSA_52,Trade_4166
BBB,CUST_K,CSA_52,Trade_5009
BBB,CUST_K,CSA_52,Trade_1903
BBB,CUST_K,CSA_52,Trade_7929
BBB,CUST_K,CSA_53,Trade_4995
BBB,CUST_K,CSA_53,Trade_1641
BBB,CUST_K,CSA_53,Trade_5528
BBB,CUST_K,CSA_53,Trade_1970
BBB,CUST_K,CSA_53,Trade_2031
BBB,CUST_K,CSA_54,Trade_6027
BBB,CUST_K,CSA_54,Trade_6363
BBB,CUST_K,CSA_54,Trade_7894
BBB,CUST_K,CSA_54,Trade_7486
BBB,CUST_K,CSA_54,Trade_7074
BBB,CUST_K,CSA_55,Trade_7766
BBB,CUST_K,CSA_55,Trade_5889
BBB,CUST_K,CSA_55,Trade_4557
BBB,CUST_K,CSA_55,Trade_2902
BBB,CUST_K,CSA_55,Trade_3958
CCC,CUST_L,CSA_56,Trade_6639
CCC,CUST_L,CSA_56,Trade_4692
CCC,CUST_L,CSA_56,Trade_7966
CCC,CUST_L,CSA_56,Trade_1680
CCC,CUST_L,CSA_56,Trade_5585
CCC,CUST_L,CSA_57,Trade_4244
CCC,CUST_L,CSA_57,Trade_6117
CCC,CUST_L,CSA_57,Trade_1245
CCC,CUST_L,CSA_57,Trade_9413
CCC,CUST_L,CSA_57,Trade_8709
CCC,CUST_L,CSA_58,Trade_4850
CCC,CUST_L,CSA_58,Trade_5195
CCC,CUST_L,CSA_58,Trade_7026
CCC,CUST_L,CSA_58,Trade_6906
CCC,CUST_L,CSA_58,Trade_5818
CCC,CUST_L,CSA_59,Trade_4873
CCC,CUST_L,CSA_59,Trade_8550
CCC,CUST_L,CSA_59,Trade_6600
CCC,CUST_L,CSA_59,Trade_9104
CCC,CUST_L,CSA_59,Trade_4819
CCC,CUST_L,CSA_60,Trade_3368
CCC,CUST_L,CSA_60,Trade_6887
CCC,CUST_L,CSA_60,Trade_6523
CCC,CUST_L,CSA_60,Trade_2236
CCC,CUST_L,CSA_60,Trade_9062
NR,CUST_M,CSA_61,Trade_9336
NR,CUST_M,CSA_61,Trade_1912
NR,CUST_M,CSA_61,Trade_4085
NR,CUST_M,CSA_61,Trade_8146
NR,CUST_M,CSA_61,Trade_7498
NR,CUST_M,CSA_62,Trade_7183
NR,CUST_M,CSA_62,Trade_6528
NR,CUST_M,CSA_62,Trade_7460
NR,CUST_M,CSA_62,Trade_9801
NR,CUST_M,CSA_62,Trade_6106
NR,CUST_M,CSA_63,Trade_9028
NR,CUST_M,CSA_63,Trade_3158
NR,CUST_M,CSA_63,Trade_9296
NR,CUST_M,CSA_63,Trade_7097
NR,CUST_M,CSA_63,Trade_5047
NR,CUST_M,CSA_64,Trade_6408
NR,CUST_M,CSA_64,Trade_8209
NR,CUST_M,CSA_64,Trade_3930
NR,CUST_M,CSA_64,Trade_3393
NR,CUST_M,CSA_64,Trade_9770
NR,CUST_M,CSA_65,Trade_6652
NR,CUST_M,CSA_65,Trade_7640
NR,CUST_M,CSA_65,Trade_9666
NR,CUST_M,CSA_65,Trade_1011
NR,CUST_M,CSA_65,Trade_3886
BB,CUST_N,CSA_66,Trade_5337
BB,CUST_N,CSA_66,Trade_6109
BB,CUST_N,CSA_66,Trade_1081
BB,CUST_N,CSA_66,Trade_2360
BB,CUST_N,CSA_66,Trade_6761
BB,CUST_N,CSA_67,Trade_9540
BB,CUST_N,CSA_67,Trade_7475
BB,CUST_N,CSA_67,Trade_4346
BB,CUST_N,CSA_67,Trade_9017
BB,CUST_N,CSA_67,Trade_7648
BB,CUST_N,CSA_68,Trade_4676
BB,CUST_N,CSA_68,Trade_9494
BB,CUST_N,CSA_68,Trade_7441
BB,CUST_N,CSA_68,Trade_6115
BB,CUST_N,CSA_68,Trade_1836
BB,CUST_N,CSA_69,Trade_6808
BB,CUST_N,CSA_69,Trade_3045
BB,CUST_N,CSA_69,Trade_4899
BB,CUST_N,CSA_69,Trade_8153
BB,CUST_N,CSA_69,Trade_8397
BB,CUST_N,CSA_70,Trade_6275
BB,CUST_N,CSA_70,Trade_8510
BB,CUST_N,CSA_70,Trade_1471
BB,CUST_N,CSA_70,Trade_5935
BB,CUST_N,CSA_70,Trade_5086
AA,CUST_O,CSA_71,Trade_3223
AA,CUST_O,CSA_71,Trade_5477
AA,CUST_O,CSA_71,Trade_4786
AA,CUST_O,CSA_71,Trade_4970
AA,CUST_O,CSA_71,Trade_5849
AA,CUST_O,CSA_72,Trade_5519
AA,CUST_O,CSA_72,Trade_6483
AA,CUST_O,CSA_72,Trade_6013
AA,CUST_O,CSA_72,Trade_8937
AA,CUST_O,CSA_72,Trade_4512
AA,CUST_O,CSA_73,Trade_1553
AA,CUST_O,CSA_73,Trade_8668
AA,CUST_O,CSA_73,Trade_1546
AA,CUST_O,CSA_73,Trade_6251
AA,CUST_O,CSA_73,Trade_1844
AA,CUST_O,CSA_74,Trade_3149
AA,CUST_O,CSA_74,Trade_5571
AA,CUST_O,CSA_74,Trade_9877
AA,CUST_O,CSA_74,Trade_1744
AA,CUST_O,CSA_74,Trade_4155
AA,CUST_O,CSA_75,Trade_6440
AA,CUST_O,CSA_75,Trade_8372
AA,CUST_O,CSA_75,Trade_1911
AA,CUST_O,CSA_75,Trade_9553
AA,CUST_O,CSA_75,Trade_1986
BBB,CUST_P,CSA_76,Trade_5992
BBB,CUST_P,CSA_76,Trade_8521
BBB,CUST_P,CSA_76,Trade_9667
BBB,CUST_P,CSA_76,Trade_3406
BBB,CUST_P,CSA_76,Trade_7520
BBB,CUST_P,CSA_77,Trade_8381
BBB,CUST_P,CSA_77,Trade_9385
BBB,CUST_P,CSA_77,Trade_2862
BBB,CUST_P,CSA_77,Trade_7533
BBB,CUST_P,CSA_77,Trade_5518
BBB,CUST_P,CSA_78,Trade_5426
BBB,CUST_P,CSA_78,Trade_5847
BBB,CUST_P,CSA_78,Trade_8213
BBB,CUST_P,CSA_78,Trade_1346
BBB,CUST_P,CSA_78,Trade_5003
BBB,CUST_P,CSA_79,Trade_5817
BBB,CUST_P,CSA_79,Trade_9697
BBB,CUST_P,CSA_79,Trade_1620
BBB,CUST_P,CSA_79,Trade_4623
BBB,CUST_P,CSA_79,Trade_6760
BBB,CUST_P,CSA_80,Trade_1078
BBB,CUST_P,CSA_80,Trade_8819
BBB,CUST_P,CSA_80,Trade_2030
BBB,CUST_P,CSA_80,Trade_2131
BBB,CUST_P,CSA_80,Trade_9338
B,CUST_Q,CSA_81,Trade_6800
B,CUST_Q,CSA_81,Trade_5083
B,CUST_Q,CSA_81,Trade_1795
B,CUST_Q,CSA_81,Trade_4028
B,CUST_Q,CSA_81,Trade_7880
B,CUST_Q,CSA_82,Trade_5755
B,CUST_Q,CSA_82,Trade_1120
B,CUST_Q,CSA_82,Trade_5257
B,CUST_Q,CSA_82,Trade_6529
B,CUST_Q,CSA_82,Trade_8752
B,CUST_Q,CSA_83,Trade_6977
B,CUST_Q,CSA_83,Trade_4349
B,CUST_Q,CSA_83,Trade_6428
B,CUST_Q,CSA_83,Trade_8420
B,CUST_Q,CSA_83,Trade_9856
B,CUST_Q,CSA_84,Trade_8512
B,CUST_Q,CSA_84,Trade_3828
B,CUST_Q,CSA_84,Trade_2312
B,CUST_Q,CSA_84,Trade_7146
B,CUST_Q,CSA_84,Trade_7870
B,CUST_Q,CSA_85,Trade_8926
B,CUST_Q,CSA_85,Trade_4204
B,CUST_Q,CSA_85,Trade_1181
B,CUST_Q,CSA_85,Trade_7109
B,CUST_Q,CSA_85,Trade_7848
AAA,CUST_R,CSA_86,Trade_1155
AAA,CUST_R,CSA_86,Trade_7356
AAA,CUST_R,CSA_86,Trade_6337
AAA,CUST_R,CSA_86,Trade_9151
AAA,CUST_R,CSA_86,Trade_7665
AAA,CUST_R,CSA_87,Trade_1092
AAA,CUST_R,CSA_87,Trade_9004
AAA,CUST_R,CSA_87,Trade_2882
AAA,CUST_R,CSA_87,Trade_8793
AAA,CUST_R,CSA_87,Trade_9755
AAA,CUST_R,CSA_88,Trade_8256
AAA,CUST_R,CSA_88,Trade_5082
AAA,CUST_R,CSA_88,Trade_1759
AAA,CUST_R,CSA_88,Trade_2458
AAA,CUST_R,CSA_88,Trade_7325
AAA,CUST_R,CSA_89,Trade_9355
AAA,CUST_R,CSA_89,Trade_5274
AAA,CUST_R,CSA_89,Trade_8101
AAA,CUST_R,CSA_89,Trade_2342
AAA,CUST_R,CSA_89,Trade_6414
AAA,CUST_R,CSA_90,Trade_1863
AAA,CUST_R,CSA_90,Trade_4690
AAA,CUST_R,CSA_90,Trade_1384
AAA,CUST_R,CSA_90,Trade_3854
AAA,CUST_R,CSA_90,Trade_7868
CC,CUST_S,CSA_91,Trade_2104
CC,CUST_S,CSA_91,Trade_1201
CC,CUST_S,CSA_91,Trade_6503
CC,CUST_S,CSA_91,Trade_4410
CC,CUST_S,CSA_91,Trade_9656
CC,CUST_S,CSA_92,Trade_1232
CC,CUST_S,CSA_92,Trade_4887
CC,CUST_S,CSA_92,Trade_9007
CC,CUST_S,CSA_92,Trade_2769
CC,CUST_S,CSA_92,Trade_3028
CC,CUST_S,CSA_93,Trade_8778
CC,CUST_S,CSA_93,Trade_8995
CC,CUST_S,CSA_93,Trade_2103
CC,CUST_S,CSA_93,Trade_6631
CC,CUST_S,CSA_93,Trade_2463
CC,CUST_S,CSA_94,Trade_9751
CC,CUST_S,CSA_94,Trade_4409
CC,CUST_S,CSA_94,Trade_8577
CC,CUST_S,CSA_94,Trade_4709
CC,CUST_S,CSA_94,Trade_8142
CC,CUST_S,CSA_95,Trade_7540
CC,CUST_S,CSA_95,Trade_3975
CC,CUST_S,CSA_95,Trade_9170
CC,CUST_S,CSA_95,Trade_5407
CC,CUST_S,CSA_95,Trade_4117
C,CUST_T,CSA_96,Trade_1043
C,CUST_T,CSA_96,Trade_8597
C,CUST_T,CSA_96,Trade_4347
C,CUST_T,CSA_96,Trade_7946
C,CUST_T,CSA_96,Trade_3809
C,CUST_T,CSA_97,Trade_3643
C,CUST_T,CSA_97,Trade_9044
C,CUST_T,CSA_97,Trade_5687
C,CUST_T,CSA_97,Trade_3286
C,CUST_T,CSA_97,Trade_1852
C,CUST_T,CSA_98,Trade_9610
C,CUST_T,CSA_98,Trade_9097
C,CUST_T,CSA_98,Trade_4137
C,CUST_T,CSA_98,Trade_6345
C,CUST_T,CSA_98,Trade_4615
C,CUST_T,CSA_99,Trade_4172
C,CUST_T,CSA_99,Trade_7135
C,CUST_T,CSA_99,Trade_6229
C,CUST_T,CSA_99,Trade_2530
C,CUST_T,CSA_99,Trade_8688
C,CUST_T,CSA_100,Trade_5432
C,CUST_T,CSA_100,Trade_1927
C,CUST_T,CSA_100,Trade_4234
C,CUST_T,CSA_100,Trade_2958
C,CUST_T,CSA_100,Trade_3935
A,CUST_U,CSA_101,Trade_9149
A,CUST_U,CSA_101,Trade_9792
A,CUST_U,CSA_101,Trade_8867
A,CUST_U,CSA_101,Trade_2060
A,CUST_U,CSA_101,Trade_5582
A,CUST_U,CSA_102,Trade_4808
A,CUST_U,CSA_102,Trade_8542
A,CUST_U,CSA_102,Trade_8068
A,CUST_U,CSA_102,Trade_7595
A,CUST_U,CSA_102,Trade_6778
A,CUST_U,CSA_103,Trade_2367
A,CUST_U,CSA_103,Trade_5178
A,CUST_U,CSA_103,Trade_8847
A,CUST_U,CSA_103,Trade_7253
A,CUST_U,CSA_103,Trade_3284
A,CUST_U,CSA_104,Trade_4918
A,CUST_U,CSA_104,Trade_4418
A,CUST_U,CSA_104,Trade_7609
A,CUST_U,CSA_104,Trade_8691
A,CUST_U,CSA_104,Trade_7030
A,CUST_U,CSA_105,Trade_7715
A,CUST_U,CSA_105,Trade_1961
A,CUST_U,CSA_105,Trade_3729
A,CUST_U,CSA_105,Trade_2946
A,CUST_U,CSA_105,Trade_3855
BBB,CUST_V,CSA_106,Trade_3474
BBB,CUST_V,CSA_106,Trade_7679
BBB,CUST_V,CSA_106,Trade_5442
BBB,CUST_V,CSA_106,Trade_2335
BBB,CUST_V,CSA_106,Trade_5467
BBB,CUST_V,CSA_107,Trade_1687
BBB,CUST_V,CSA_107,Trade_3518
BBB,CUST_V,CSA_107,Trade_7055
BBB,CUST_V,CSA_107,Trade_9872
BBB,CUST_V,CSA_107,Trade_2590
BBB,CUST_V,CSA_108,Trade_8426
BBB,CUST_V,CSA_108,Trade_4746
BBB,CUST_V,CSA_108,Trade_9669
BBB,CUST_V,CSA_108,Trade_1877
BBB,CUST_V,CSA_108,Trade_5699
BBB,CUST_V,CSA_109,Trade_8753
BBB,CUST_V,CSA_109,Trade_5770
BBB,CUST_V,CSA_109,Trade_3687
BBB,CUST_V,CSA_109,Trade_4602
BBB,CUST_V,CSA_109,Trade_6974
BBB,CUST_V,CSA_110,Trade_3303
BBB,CUST_V,CSA_110,Trade_3669
BBB,CUST_V,CSA_110,Trade_5869
BBB,CUST_V,CSA_110,Trade_2363
BBB,CUST_V,CSA_110,Trade_8960
AAA,CUST_W,CSA_111,Trade_6411
AAA,CUST_W,CSA_111,Trade_8807
AAA,CUST_W,CSA_111,Trade_4993
AAA,CUST_W,CSA_111,Trade_4698
AAA,CUST_W,CSA_111,Trade_3989
AAA,CUST_W,CSA_112,Trade_4321
AAA,CUST_W,CSA_112,Trade_3022
AAA,CUST_W,CSA_112,Trade_6257
AAA,CUST_W,CSA_112,Trade_2354
AAA,CUST_W,CSA_112,Trade_7691
AAA,CUST_W,CSA_113,Trade_7043
AAA,CUST_W,CSA_113,Trade_4523
AAA,CUST_W,CSA_113,Trade_2646
AAA,CUST_W,CSA_113,Trade_8701
AAA,CUST_W,CSA_113,Trade_7029
AAA,CUST_W,CSA_114,Trade_4580
AAA,CUST_W,CSA_114,Trade_9827
AAA,CUST_W,CSA_114,Trade_9775
AAA,CUST_W,CSA_114,Trade_3994
AAA,CUST_W,CSA_114,Trade_9724
AAA,CUST_W,CSA_115,Trade_1798
AAA,CUST_W,CSA_115,Trade_6777
AAA,CUST_W,CSA_115,Trade_4515
AAA,CUST_W,CSA_115,Trade_2169
AAA,CUST_W,CSA_115,Trade_3676
AA,CUST_X,CSA_116,Trade_3338
AA,CUST_X,CSA_116,Trade_7053
AA,CUST_X,CSA_116,Trade_6632
AA,CUST_X,CSA_116,Trade_3229
AA,CUST_X,CSA_116,Trade_7979
AA,CUST_X,CSA_117,Trade_9341
AA,CUST_X,CSA_117,Trade_3454
AA,CUST_X,CSA_117,Trade_8354
AA,CUST_X,CSA_117,Trade_2255
AA,CUST_X,CSA_117,Trade_2434
AA,CUST_X,CSA_118,Trade_3264
AA,CUST_X,CSA_118,Trade_2842
AA,CUST_X,CSA_118,Trade_2841
AA,CUST_X,CSA_118,Trade_2859
AA,CUST_X,CSA_118,Trade_5133
AA,CUST_X,CSA_119,Trade_2457
AA,CUST_X,CSA_119,Trade_4863
AA,CUST_X,CSA_119,Trade_4323
AA,CUST_X,CSA_119,Trade_1693
AA,CUST_X,CSA_119,Trade_9287
AA,CUST_X,CSA_120,Trade_8700
AA,CUST_X,CSA_120,Trade_3121
AA,CUST_X,CSA_120,Trade_9886
AA,CUST_X,CSA_120,Trade_8047
AA,CUST_X,CSA_120,Trade_8718
A,CUST_Y,CSA_121,Trade_1985
A,CUST_Y,CSA_121,Trade_7252
A,CUST_Y,CSA_121,Trade_8639
A,CUST_Y,CSA_121,Trade_4233
A,CUST_Y,CSA_121,Trade_4704
A,CUST_Y,CSA_122,Trade_9247
A,CUST_Y,CSA_122,Trade_3389
A,CUST_Y,CSA_122,Trade_2869
A,CUST_Y,CSA_122,Trade_2178
A,CUST_Y,CSA_122,Trade_5800
A,CUST_Y,CSA_123,Trade_6187
A,CUST_Y,CSA_123,Trade_8942
A,CUST_Y,CSA_123,Trade_9087
A,CUST_Y,CSA_123,Trade_5823
A,CUST_Y,CSA_123,Trade_7735
A,CUST_Y,CSA_124,Trade_9945
A,CUST_Y,CSA_124,Trade_6964
A,CUST_Y,CSA_124,Trade_2706
A,CUST_Y,CSA_124,Trade_8648
A,CUST_Y,CSA_124,Trade_6288
A,CUST_Y,CSA_125,Trade_9037
A,CUST_Y,CSA_125,Trade_8750
A,CUST_Y,CSA_125,Trade_2763
A,CUST_Y,CSA_125,Trade_9246
A,CUST_Y,CSA_125,Trade_4458
BB,CUST_Z,CSA_126,Trade_3767
BB,CUST_Z,CSA_126,Trade_1160
BB,CUST_Z,CSA_126,Trade_4737
BB,CUST_Z,CSA_126,Trade_5118
BB,CUST_Z,CSA_126,Trade_9264
BB,CUST_Z,CSA_127,Trade_7517
BB,CUST_Z,CSA_127,Trade_2996
BB,CUST_Z,CSA_127,Trade_1861
BB,CUST_Z,CSA_127,Trade_9344
BB,CUST_Z,CSA_127,Trade_3509
BB,CUST_Z,CSA_128,Trade_2974
BB,CUST_Z,CSA_128,Trade_8838
BB,CUST_Z,CSA_128,Trade_3894
BB,CUST_Z,CSA_128,Trade_1360
BB,CUST_Z,CSA_128,Trade_8796
BB,CUST_Z,CSA_129,Trade_7223
BB,CUST_Z,CSA_129,Trade_9776
BB,CUST_Z,CSA_129,Trade_1685
BB,CUST_Z,CSA_129,Trade_1955
BB,CUST_Z,CSA_129,Trade_8518
BB,CUST_Z,CSA_130,Trade_4375
BB,CUST_Z,CSA_130,Trade_4251
BB,CUST_Z,CSA_130,Trade_5955
BB,CUST_Z,CSA_130,Trade_9950
BB,CUST_Z,CSA_130,Trade_5216
